Model,Image URL,Shop,City,Price
Indesit LI7 S1E W білий,https://s.ek.ua/jpg/2448929.jpg,N/A,N/A,0.0
Indesit LI7 S1E W білий,https://s.ek.ua/jpg/2448929.jpg,АЛЛО,(Київ),16499.0
Indesit LI7 S1E W білий,https://s.ek.ua/jpg/2448929.jpg,N/A,N/A,0.0
Indesit LI7 S1E W білий,https://s.ek.ua/jpg/2448929.jpg,Xfrost.net.ua,(Київ),14581.0
Indesit LI7 S1E W білий,https://s.ek.ua/jpg/2448929.jpg,N/A,N/A,0.0
Indesit LI7 S1E W білий,https://s.ek.ua/jpg/2448929.jpg,Indesit.com.ua,(Київ),16499.0
Indesit LI7 S1E W білий,https://s.ek.ua/jpg/2448929.jpg,N/A,N/A,0.0
LG GW-B509SMUM сріблястий,https://s.ek.ua/jpg/1988333.jpg,N/A,N/A,0.0
LG GW-B509SMUM сріблястий,https://s.ek.ua/jpg/1988333.jpg,Xfrost.net.ua,(Київ),24066.0
LG GW-B509SMUM сріблястий,https://s.ek.ua/jpg/1988333.jpg,N/A,N/A,0.0
LG GW-B509SMUM сріблястий,https://s.ek.ua/jpg/1988333.jpg,Pro100market.com.ua,(Київ),23946.0
LG GW-B509SMUM сріблястий,https://s.ek.ua/jpg/1988333.jpg,N/A,N/A,0.0
LG GW-B509SMUM сріблястий,https://s.ek.ua/jpg/1988333.jpg,Moyo.ua,(Київ),26499.0
LG GW-B509SMUM сріблястий,https://s.ek.ua/jpg/1988333.jpg,N/A,N/A,0.0
Gorenje NRK 6182 PW4 білий,https://s.ek.ua/jpg/2650455.jpg,N/A,N/A,0.0
Gorenje NRK 6182 PW4 білий,https://s.ek.ua/jpg/2650455.jpg,АЛЛО,(Київ),17999.0
Gorenje NRK 6182 PW4 білий,https://s.ek.ua/jpg/2650455.jpg,N/A,N/A,0.0
Gorenje NRK 6182 PW4 білий,https://s.ek.ua/jpg/2650455.jpg,Xfrost.net.ua,(Київ),15835.0
Gorenje NRK 6182 PW4 білий,https://s.ek.ua/jpg/2650455.jpg,N/A,N/A,0.0
Gorenje NRK 6182 PW4 білий,https://s.ek.ua/jpg/2650455.jpg,Gorenje-shop.com,(Київ),17499.0
Gorenje NRK 6182 PW4 білий,https://s.ek.ua/jpg/2650455.jpg,N/A,N/A,0.0
Samsung RB38C600ES9/UA сріблястий,https://s.ek.ua/jpg/2738305.jpg,N/A,N/A,0.0
Samsung RB38C600ES9/UA сріблястий,https://s.ek.ua/jpg/2738305.jpg,АЛЛО,(Київ),25999.0
Samsung RB38C600ES9/UA сріблястий,https://s.ek.ua/jpg/2738305.jpg,N/A,N/A,0.0
Samsung RB38C600ES9/UA сріблястий,https://s.ek.ua/jpg/2738305.jpg,Xfrost.net.ua,(Київ),23812.0
Samsung RB38C600ES9/UA сріблястий,https://s.ek.ua/jpg/2738305.jpg,N/A,N/A,0.0
Samsung RB38C600ES9/UA сріблястий,https://s.ek.ua/jpg/2738305.jpg,Pro100market.com.ua,(Київ),22239.0
Samsung RB38C600ES9/UA сріблястий,https://s.ek.ua/jpg/2738305.jpg,N/A,N/A,0.0
Samsung RB33J3000EF бежевий,https://s.ek.ua/jpg/1471018.jpg,N/A,N/A,0.0
Samsung RB33J3000EF бежевий,https://s.ek.ua/jpg/1471018.jpg,АЛЛО,(Київ),23999.0
Samsung RB33J3000EF бежевий,https://s.ek.ua/jpg/1471018.jpg,N/A,N/A,0.0
Samsung RB33J3000EF бежевий,https://s.ek.ua/jpg/1471018.jpg,Xfrost.net.ua,(Київ),21166.0
Samsung RB33J3000EF бежевий,https://s.ek.ua/jpg/1471018.jpg,N/A,N/A,0.0
Samsung RB33J3000EF бежевий,https://s.ek.ua/jpg/1471018.jpg,Pro100market.com.ua,(Київ),20611.0
Samsung RB33J3000EF бежевий,https://s.ek.ua/jpg/1471018.jpg,N/A,N/A,0.0
EDLER ED-522DWI білий,https://s.ek.ua/jpg/2661907.jpg,N/A,N/A,0.0
EDLER ED-522DWI білий,https://s.ek.ua/jpg/2661907.jpg,АЛЛО,(Київ),8699.0
EDLER ED-522DWI білий,https://s.ek.ua/jpg/2661907.jpg,N/A,N/A,0.0
EDLER ED-522DWI білий,https://s.ek.ua/jpg/2661907.jpg,Xfrost.net.ua,(Київ),7446.0
EDLER ED-522DWI білий,https://s.ek.ua/jpg/2661907.jpg,N/A,N/A,0.0
EDLER ED-522DWI білий,https://s.ek.ua/jpg/2661907.jpg,Pro100market.com.ua,(Київ),7410.0
EDLER ED-522DWI білий,https://s.ek.ua/jpg/2661907.jpg,N/A,N/A,0.0
Grunhelm BRH-S176M55-W білий,https://s.ek.ua/jpg/2078886.jpg,N/A,N/A,0.0
Grunhelm BRH-S176M55-W білий,https://s.ek.ua/jpg/2078886.jpg,Pro100market.com.ua,(Київ),10289.0
Grunhelm BRH-S176M55-W білий,https://s.ek.ua/jpg/2078886.jpg,N/A,N/A,0.0
Grunhelm BRH-S176M55-W білий,https://s.ek.ua/jpg/2078886.jpg,FOXTROT.UA,(Київ),11399.0
Grunhelm BRH-S176M55-W білий,https://s.ek.ua/jpg/2078886.jpg,N/A,N/A,0.0
Grunhelm BRH-S176M55-W білий,https://s.ek.ua/jpg/2078886.jpg,Palladium.ua,(Київ),10341.0
Grunhelm BRH-S176M55-W білий,https://s.ek.ua/jpg/2078886.jpg,N/A,N/A,0.0
Gorenje NRM 8182 MX нержавіюча сталь,https://s.ek.ua/jpg/1794400.jpg,N/A,N/A,0.0
Gorenje NRM 8182 MX нержавіюча сталь,https://s.ek.ua/jpg/1794400.jpg,АЛЛО,(Київ),35999.0
Gorenje NRM 8182 MX нержавіюча сталь,https://s.ek.ua/jpg/1794400.jpg,N/A,N/A,0.0
Gorenje NRM 8182 MX нержавіюча сталь,https://s.ek.ua/jpg/1794400.jpg,Xfrost.net.ua,(Київ),34668.0
Gorenje NRM 8182 MX нержавіюча сталь,https://s.ek.ua/jpg/1794400.jpg,N/A,N/A,0.0
Gorenje NRM 8182 MX нержавіюча сталь,https://s.ek.ua/jpg/1794400.jpg,Gorenje-shop.com,(Київ),35999.0
Gorenje NRM 8182 MX нержавіюча сталь,https://s.ek.ua/jpg/1794400.jpg,N/A,N/A,0.0
Bosch KGN497LDF нержавіюча сталь,https://s.ek.ua/jpg/2856926.jpg,N/A,N/A,0.0
Bosch KGN497LDF нержавіюча сталь,https://s.ek.ua/jpg/2856926.jpg,Elstore.com.ua,(Володимир),36200.0
Bosch KGN497LDF нержавіюча сталь,https://s.ek.ua/jpg/2856926.jpg,N/A,N/A,0.0
Bosch KGN497LDF нержавіюча сталь,https://s.ek.ua/jpg/2856926.jpg,Bosch Україна,(Київ),35141.0
Bosch KGN497LDF нержавіюча сталь,https://s.ek.ua/jpg/2856926.jpg,N/A,N/A,0.0
Bosch KGN497LDF нержавіюча сталь,https://s.ek.ua/jpg/2856926.jpg,Tendo.com.ua,(Київ),31550.0
Bosch KGN497LDF нержавіюча сталь,https://s.ek.ua/jpg/2856926.jpg,N/A,N/A,0.0
EDLER ED-230DBCI сріблястий,https://s.ek.ua/jpg/2754544.jpg,N/A,N/A,0.0
EDLER ED-230DBCI сріблястий,https://s.ek.ua/jpg/2754544.jpg,Xfrost.net.ua,(Київ),8130.0
EDLER ED-230DBCI сріблястий,https://s.ek.ua/jpg/2754544.jpg,N/A,N/A,0.0
EDLER ED-230DBCI сріблястий,https://s.ek.ua/jpg/2754544.jpg,АЛЛО,(Київ),8999.0
EDLER ED-230DBCI сріблястий,https://s.ek.ua/jpg/2754544.jpg,N/A,N/A,0.0
EDLER ED-230DBCI сріблястий,https://s.ek.ua/jpg/2754544.jpg,Pro100market.com.ua,(Київ),8090.0
EDLER ED-230DBCI сріблястий,https://s.ek.ua/jpg/2754544.jpg,N/A,N/A,0.0
Vestfrost CX 232 SW білий,https://s.ek.ua/jpg/2826147.jpg,N/A,N/A,0.0
Vestfrost CX 232 SW білий,https://s.ek.ua/jpg/2826147.jpg,Pro100market.com.ua,(Київ),9888.0
Vestfrost CX 232 SW білий,https://s.ek.ua/jpg/2826147.jpg,N/A,N/A,0.0
Vestfrost CX 232 SW білий,https://s.ek.ua/jpg/2826147.jpg,Click.ua,(Київ),10399.0
Vestfrost CX 232 SW білий,https://s.ek.ua/jpg/2826147.jpg,N/A,N/A,0.0
Vestfrost CX 232 SW білий,https://s.ek.ua/jpg/2826147.jpg,Цифра,(Київ),9994.0
Vestfrost CX 232 SW білий,https://s.ek.ua/jpg/2826147.jpg,N/A,N/A,0.0
Gorenje NRK 6202 EW4 білий,https://s.ek.ua/jpg/2841874.jpg,N/A,N/A,0.0
Gorenje NRK 6202 EW4 білий,https://s.ek.ua/jpg/2841874.jpg,Xfrost.net.ua,(Київ),19316.0
Gorenje NRK 6202 EW4 білий,https://s.ek.ua/jpg/2841874.jpg,N/A,N/A,0.0
Gorenje NRK 6202 EW4 білий,https://s.ek.ua/jpg/2841874.jpg,АЛЛО,(Київ),22999.0
Gorenje NRK 6202 EW4 білий,https://s.ek.ua/jpg/2841874.jpg,N/A,N/A,0.0
Gorenje NRK 6202 EW4 білий,https://s.ek.ua/jpg/2841874.jpg,Gorenje-shop.com,(Київ),22999.0
Gorenje NRK 6202 EW4 білий,https://s.ek.ua/jpg/2841874.jpg,N/A,N/A,0.0
Gorenje NRK 6202 AXL4 нержавіюча сталь,https://s.ek.ua/jpg/1823345.jpg,N/A,N/A,0.0
Gorenje NRK 6202 AXL4 нержавіюча сталь,https://s.ek.ua/jpg/1823345.jpg,Xfrost.net.ua,(Київ),20341.0
Gorenje NRK 6202 AXL4 нержавіюча сталь,https://s.ek.ua/jpg/1823345.jpg,N/A,N/A,0.0
Gorenje NRK 6202 AXL4 нержавіюча сталь,https://s.ek.ua/jpg/1823345.jpg,Pro100market.com.ua,(Київ),20200.0
Gorenje NRK 6202 AXL4 нержавіюча сталь,https://s.ek.ua/jpg/1823345.jpg,N/A,N/A,0.0
Gorenje NRK 6202 AXL4 нержавіюча сталь,https://s.ek.ua/jpg/1823345.jpg,Click.ua,(Київ),23499.0
Gorenje NRK 6202 AXL4 нержавіюча сталь,https://s.ek.ua/jpg/1823345.jpg,N/A,N/A,0.0
Bosch KGN49XIEA нержавіюча сталь,https://s.ek.ua/jpg/1943103.jpg,N/A,N/A,0.0
Bosch KGN49XIEA нержавіюча сталь,https://s.ek.ua/jpg/1943103.jpg,Openshop.ua,(Київ),29195.0
Bosch KGN49XIEA нержавіюча сталь,https://s.ek.ua/jpg/1943103.jpg,N/A,N/A,0.0
Bosch KGN49XIEA нержавіюча сталь,https://s.ek.ua/jpg/1943103.jpg,Bosch Україна,(Київ),30380.0
Bosch KGN49XIEA нержавіюча сталь,https://s.ek.ua/jpg/1943103.jpg,N/A,N/A,0.0
Bosch KGN49XIEA нержавіюча сталь,https://s.ek.ua/jpg/1943103.jpg,Gvl.com.ua,(Львів),31999.0
Bosch KGN49XIEA нержавіюча сталь,https://s.ek.ua/jpg/1943103.jpg,N/A,N/A,0.0
LG GC-B509MEWM бежевий,https://s.ek.ua/jpg/2680175.jpg,N/A,N/A,0.0
LG GC-B509MEWM бежевий,https://s.ek.ua/jpg/2680175.jpg,Xfrost.net.ua,(Київ),22843.0
LG GC-B509MEWM бежевий,https://s.ek.ua/jpg/2680175.jpg,N/A,N/A,0.0
LG GC-B509MEWM бежевий,https://s.ek.ua/jpg/2680175.jpg,Pro100market.com.ua,(Київ),22730.0
LG GC-B509MEWM бежевий,https://s.ek.ua/jpg/2680175.jpg,N/A,N/A,0.0
LG GC-B509MEWM бежевий,https://s.ek.ua/jpg/2680175.jpg,Click.ua,(Київ),25299.0
LG GC-B509MEWM бежевий,https://s.ek.ua/jpg/2680175.jpg,N/A,N/A,0.0
Gorenje RK 416 EPS4 сріблястий,https://s.ek.ua/jpg/2641817.jpg,N/A,N/A,0.0
Gorenje RK 416 EPS4 сріблястий,https://s.ek.ua/jpg/2641817.jpg,АЛЛО,(Київ),13999.0
Gorenje RK 416 EPS4 сріблястий,https://s.ek.ua/jpg/2641817.jpg,N/A,N/A,0.0
Gorenje RK 416 EPS4 сріблястий,https://s.ek.ua/jpg/2641817.jpg,Pro100market.com.ua,(Київ),13289.0
Gorenje RK 416 EPS4 сріблястий,https://s.ek.ua/jpg/2641817.jpg,N/A,N/A,0.0
Gorenje RK 416 EPS4 сріблястий,https://s.ek.ua/jpg/2641817.jpg,Click.ua,(Київ),13999.0
Gorenje RK 416 EPS4 сріблястий,https://s.ek.ua/jpg/2641817.jpg,N/A,N/A,0.0
Beko RCNA 406E35 ZXBR чорний,https://s.ek.ua/jpg/2078311.jpg,N/A,N/A,0.0
Beko RCNA 406E35 ZXBR чорний,https://s.ek.ua/jpg/2078311.jpg,АЛЛО,(Київ),22499.0
Beko RCNA 406E35 ZXBR чорний,https://s.ek.ua/jpg/2078311.jpg,N/A,N/A,0.0
Beko RCNA 406E35 ZXBR чорний,https://s.ek.ua/jpg/2078311.jpg,Xfrost.net.ua,(Київ),18852.0
Beko RCNA 406E35 ZXBR чорний,https://s.ek.ua/jpg/2078311.jpg,N/A,N/A,0.0
Beko RCNA 406E35 ZXBR чорний,https://s.ek.ua/jpg/2078311.jpg,Pro100market.com.ua,(Київ),19985.0
Beko RCNA 406E35 ZXBR чорний,https://s.ek.ua/jpg/2078311.jpg,N/A,N/A,0.0
Bosch KGN33NWEB білий,https://s.ek.ua/jpg/2106047.jpg,N/A,N/A,0.0
Bosch KGN33NWEB білий,https://s.ek.ua/jpg/2106047.jpg,Elstore.com.ua,(Володимир),18460.0
Bosch KGN33NWEB білий,https://s.ek.ua/jpg/2106047.jpg,N/A,N/A,0.0
Bosch KGN33NWEB білий,https://s.ek.ua/jpg/2106047.jpg,Openshop.ua,(Київ),19452.0
Bosch KGN33NWEB білий,https://s.ek.ua/jpg/2106047.jpg,N/A,N/A,0.0
Bosch KGN33NWEB білий,https://s.ek.ua/jpg/2106047.jpg,Bosch Україна,(Київ),19219.0
Bosch KGN33NWEB білий,https://s.ek.ua/jpg/2106047.jpg,N/A,N/A,0.0
Hisense RF-632N4WIE сріблястий,https://s.ek.ua/jpg/2625662.jpg,N/A,N/A,0.0
Hisense RF-632N4WIE сріблястий,https://s.ek.ua/jpg/2625662.jpg,Openshop.ua,(Київ),25549.0
Hisense RF-632N4WIE сріблястий,https://s.ek.ua/jpg/2625662.jpg,N/A,N/A,0.0
Hisense RF-632N4WIE сріблястий,https://s.ek.ua/jpg/2625662.jpg,Denika.ua,(Харків),30626.0
Hisense RF-632N4WIE сріблястий,https://s.ek.ua/jpg/2625662.jpg,N/A,N/A,0.0
Hisense RF-632N4WIE сріблястий,https://s.ek.ua/jpg/2625662.jpg,Aligator.com.ua,(Київ),29579.0
Bosch KGN397LDF нержавіюча сталь,https://s.ek.ua/jpg/2221750.jpg,N/A,N/A,0.0
Bosch KGN397LDF нержавіюча сталь,https://s.ek.ua/jpg/2221750.jpg,Elstore.com.ua,(Володимир),26560.0
Bosch KGN397LDF нержавіюча сталь,https://s.ek.ua/jpg/2221750.jpg,N/A,N/A,0.0
Bosch KGN397LDF нержавіюча сталь,https://s.ek.ua/jpg/2221750.jpg,Openshop.ua,(Київ),30209.0
Bosch KGN397LDF нержавіюча сталь,https://s.ek.ua/jpg/2221750.jpg,N/A,N/A,0.0
Bosch KGN397LDF нержавіюча сталь,https://s.ek.ua/jpg/2221750.jpg,Bosch Україна,(Київ),29498.0
Bosch KGN397LDF нержавіюча сталь,https://s.ek.ua/jpg/2221750.jpg,N/A,N/A,0.0
EDLER ED-115DFN білий,https://s.ek.ua/jpg/2660403.jpg,N/A,N/A,0.0
EDLER ED-115DFN білий,https://s.ek.ua/jpg/2660403.jpg,АЛЛО,(Київ),7799.0
EDLER ED-115DFN білий,https://s.ek.ua/jpg/2660403.jpg,N/A,N/A,0.0
EDLER ED-115DFN білий,https://s.ek.ua/jpg/2660403.jpg,Xfrost.net.ua,(Київ),7018.0
EDLER ED-115DFN білий,https://s.ek.ua/jpg/2660403.jpg,N/A,N/A,0.0
EDLER ED-115DFN білий,https://s.ek.ua/jpg/2660403.jpg,Pro100market.com.ua,(Київ),6984.0
EDLER ED-115DFN білий,https://s.ek.ua/jpg/2660403.jpg,N/A,N/A,0.0
Liebherr CTe 2931 білий,https://s.ek.ua/jpg/2664738.jpg,N/A,N/A,0.0
Liebherr CTe 2931 білий,https://s.ek.ua/jpg/2664738.jpg,АЛЛО,(Київ),18249.0
Liebherr CTe 2931 білий,https://s.ek.ua/jpg/2664738.jpg,N/A,N/A,0.0
Liebherr CTe 2931 білий,https://s.ek.ua/jpg/2664738.jpg,Xfrost.net.ua,(Київ),17449.0
Liebherr CTe 2931 білий,https://s.ek.ua/jpg/2664738.jpg,N/A,N/A,0.0
Liebherr CTe 2931 білий,https://s.ek.ua/jpg/2664738.jpg,Liebherr-shop.in.ua,(Київ),17337.0
Liebherr CTe 2931 білий,https://s.ek.ua/jpg/2664738.jpg,N/A,N/A,0.0
Haier HCR-3818ENMM сріблястий,https://s.ek.ua/jpg/2469114.jpg,N/A,N/A,0.0
Haier HCR-3818ENMM сріблястий,https://s.ek.ua/jpg/2469114.jpg,Xfrost.net.ua,(Київ),31012.0
Haier HCR-3818ENMM сріблястий,https://s.ek.ua/jpg/2469114.jpg,N/A,N/A,0.0
Haier HCR-3818ENMM сріблястий,https://s.ek.ua/jpg/2469114.jpg,Pro100market.com.ua,(Київ),32552.0
Haier HCR-3818ENMM сріблястий,https://s.ek.ua/jpg/2469114.jpg,N/A,N/A,0.0
Haier HCR-3818ENMM сріблястий,https://s.ek.ua/jpg/2469114.jpg,Click.ua,(Київ),37999.0
Haier HCR-3818ENMM сріблястий,https://s.ek.ua/jpg/2469114.jpg,N/A,N/A,0.0
Grunhelm BRH-N181M55-W білий,https://s.ek.ua/jpg/2551622.jpg,N/A,N/A,0.0
Grunhelm BRH-N181M55-W білий,https://s.ek.ua/jpg/2551622.jpg,Pro100market.com.ua,(Київ),12502.0
Grunhelm BRH-N181M55-W білий,https://s.ek.ua/jpg/2551622.jpg,N/A,N/A,0.0
Grunhelm BRH-N181M55-W білий,https://s.ek.ua/jpg/2551622.jpg,Vodogreyka.com.ua,(Київ),12691.0
Grunhelm BRH-N181M55-W білий,https://s.ek.ua/jpg/2551622.jpg,N/A,N/A,0.0
Grunhelm BRH-N181M55-W білий,https://s.ek.ua/jpg/2551622.jpg,Xshop.ua,(Київ),13947.0
Grunhelm BRH-N181M55-W білий,https://s.ek.ua/jpg/2551622.jpg,N/A,N/A,0.0
Bosch KGN33NL20 сріблястий,https://s.ek.ua/jpg/816925.jpg,N/A,N/A,0.0
Bosch KGN33NL20 сріблястий,https://s.ek.ua/jpg/816925.jpg,Bosch-centre.com.ua,(Київ),24190.0
Bosch KGN33NL20 сріблястий,https://s.ek.ua/jpg/816925.jpg,N/A,N/A,0.0
Bosch KGN33NL20 сріблястий,https://s.ek.ua/jpg/816925.jpg,Bs-partner.com.ua,(Київ),24499.0
Bosch KGN33NL20 сріблястий,https://s.ek.ua/jpg/816925.jpg,N/A,N/A,0.0
Bosch KGN33NL20 сріблястий,https://s.ek.ua/jpg/816925.jpg,Bs-servis.com.ua,(Київ),24499.0
Bosch KGN33NL20 сріблястий,https://s.ek.ua/jpg/816925.jpg,N/A,N/A,0.0
Liebherr CU 2831 білий,https://s.ek.ua/jpg/1525789.jpg,N/A,N/A,0.0
Liebherr CU 2831 білий,https://s.ek.ua/jpg/1525789.jpg,Liebherr Україна,(Київ),15839.0
Liebherr CU 2831 білий,https://s.ek.ua/jpg/1525789.jpg,N/A,N/A,0.0
Liebherr CU 2831 білий,https://s.ek.ua/jpg/1525789.jpg,575.in.ua,(Київ),16399.0
Liebherr CU 2831 білий,https://s.ek.ua/jpg/1525789.jpg,N/A,N/A,0.0
Liebherr CU 2831 білий,https://s.ek.ua/jpg/1525789.jpg,Znatok.zp.ua,(Запоріжжя),16499.0
Liebherr CU 2831 білий,https://s.ek.ua/jpg/1525789.jpg,N/A,N/A,0.0
LG GC-B459SLCL графіт,https://s.ek.ua/jpg/2630606.jpg,N/A,N/A,0.0
LG GC-B459SLCL графіт,https://s.ek.ua/jpg/2630606.jpg,Xfrost.net.ua,(Київ),21344.0
LG GC-B459SLCL графіт,https://s.ek.ua/jpg/2630606.jpg,N/A,N/A,0.0
LG GC-B459SLCL графіт,https://s.ek.ua/jpg/2630606.jpg,Pro100market.com.ua,(Київ),21238.0
LG GC-B459SLCL графіт,https://s.ek.ua/jpg/2630606.jpg,N/A,N/A,0.0
LG GC-B459SLCL графіт,https://s.ek.ua/jpg/2630606.jpg,Click.ua,(Київ),23499.0
LG GC-B459SLCL графіт,https://s.ek.ua/jpg/2630606.jpg,N/A,N/A,0.0
Gorenje NRK 619 FAS4 сріблястий,https://s.ek.ua/jpg/2077235.jpg,N/A,N/A,0.0
Gorenje NRK 619 FAS4 сріблястий,https://s.ek.ua/jpg/2077235.jpg,АЛЛО,(Київ),20499.0
Gorenje NRK 619 FAS4 сріблястий,https://s.ek.ua/jpg/2077235.jpg,N/A,N/A,0.0
Gorenje NRK 619 FAS4 сріблястий,https://s.ek.ua/jpg/2077235.jpg,Pro100market.com.ua,(Київ),16578.0
Gorenje NRK 619 FAS4 сріблястий,https://s.ek.ua/jpg/2077235.jpg,N/A,N/A,0.0
Gorenje NRK 619 FAS4 сріблястий,https://s.ek.ua/jpg/2077235.jpg,Click.ua,(Київ),20499.0
Gorenje NRK 619 FAS4 сріблястий,https://s.ek.ua/jpg/2077235.jpg,N/A,N/A,0.0
Beko RCSA 270K20 W білий,https://s.ek.ua/jpg/936205.jpg,N/A,N/A,0.0
Beko RCSA 270K20 W білий,https://s.ek.ua/jpg/936205.jpg,АЛЛО,(Київ),15499.0
Beko RCSA 270K20 W білий,https://s.ek.ua/jpg/936205.jpg,N/A,N/A,0.0
Beko RCSA 270K20 W білий,https://s.ek.ua/jpg/936205.jpg,Xfrost.net.ua,(Київ),13802.0
Beko RCSA 270K20 W білий,https://s.ek.ua/jpg/936205.jpg,N/A,N/A,0.0
Beko RCSA 270K20 W білий,https://s.ek.ua/jpg/936205.jpg,Pro100market.com.ua,(Київ),13285.0
Beko RCSA 270K20 W білий,https://s.ek.ua/jpg/936205.jpg,N/A,N/A,0.0
Samsung RB53DG703ES9 сріблястий,https://s.ek.ua/jpg/2669907.jpg,N/A,N/A,0.0
Samsung RB53DG703ES9 сріблястий,https://s.ek.ua/jpg/2669907.jpg,АЛЛО,(Київ),42999.0
Samsung RB53DG703ES9 сріблястий,https://s.ek.ua/jpg/2669907.jpg,N/A,N/A,0.0
Samsung RB53DG703ES9 сріблястий,https://s.ek.ua/jpg/2669907.jpg,Xfrost.net.ua,(Київ),37021.0
Samsung RB53DG703ES9 сріблястий,https://s.ek.ua/jpg/2669907.jpg,N/A,N/A,0.0
Samsung RB53DG703ES9 сріблястий,https://s.ek.ua/jpg/2669907.jpg,Pro100market.com.ua,(Київ),36838.0
Samsung RB53DG703ES9 сріблястий,https://s.ek.ua/jpg/2669907.jpg,N/A,N/A,0.0
Samsung RB38T603FSA сріблястий,https://s.ek.ua/jpg/1929223.jpg,N/A,N/A,0.0
Samsung RB38T603FSA сріблястий,https://s.ek.ua/jpg/1929223.jpg,On.zp.ua,(Запоріжжя),23759.0
Samsung RB38T603FSA сріблястий,https://s.ek.ua/jpg/1929223.jpg,N/A,N/A,0.0
Samsung RB38T603FSA сріблястий,https://s.ek.ua/jpg/1929223.jpg,Цифра,(Київ),25112.0
Samsung RB38T603FSA сріблястий,https://s.ek.ua/jpg/1929223.jpg,N/A,N/A,0.0
Samsung RB38T603FSA сріблястий,https://s.ek.ua/jpg/1929223.jpg,575.in.ua,(Київ),23899.0
Samsung RB38T603FSA сріблястий,https://s.ek.ua/jpg/1929223.jpg,N/A,N/A,0.0
Samsung RS62DG5003S9 сріблястий,https://s.ek.ua/jpg/2668931.jpg,N/A,N/A,0.0
Samsung RS62DG5003S9 сріблястий,https://s.ek.ua/jpg/2668931.jpg,АЛЛО,(Київ),43999.0
Samsung RS62DG5003S9 сріблястий,https://s.ek.ua/jpg/2668931.jpg,N/A,N/A,0.0
Samsung RS62DG5003S9 сріблястий,https://s.ek.ua/jpg/2668931.jpg,Pro100market.com.ua,(Київ),37695.0
Samsung RS62DG5003S9 сріблястий,https://s.ek.ua/jpg/2668931.jpg,N/A,N/A,0.0
Samsung RS62DG5003S9 сріблястий,https://s.ek.ua/jpg/2668931.jpg,Click.ua,(Київ),43999.0
Samsung RS62DG5003S9 сріблястий,https://s.ek.ua/jpg/2668931.jpg,N/A,N/A,0.0
LG GC-B257KEHW бежевий,https://s.ek.ua/jpg/2826140.jpg,N/A,N/A,0.0
LG GC-B257KEHW бежевий,https://s.ek.ua/jpg/2826140.jpg,Xfrost.net.ua,(Київ),38808.0
LG GC-B257KEHW бежевий,https://s.ek.ua/jpg/2826140.jpg,N/A,N/A,0.0
LG GC-B257KEHW бежевий,https://s.ek.ua/jpg/2826140.jpg,Pro100market.com.ua,(Київ),38614.0
LG GC-B257KEHW бежевий,https://s.ek.ua/jpg/2826140.jpg,N/A,N/A,0.0
LG GC-B257KEHW бежевий,https://s.ek.ua/jpg/2826140.jpg,Click.ua,(Київ),43999.0
LG GC-B257KEHW бежевий,https://s.ek.ua/jpg/2826140.jpg,N/A,N/A,0.0
Indesit INFC9 TI22X нержавіюча сталь,https://s.ek.ua/jpg/2660406.jpg,N/A,N/A,0.0
Indesit INFC9 TI22X нержавіюча сталь,https://s.ek.ua/jpg/2660406.jpg,Moyo.ua,(Київ),21999.0
Indesit INFC9 TI22X нержавіюча сталь,https://s.ek.ua/jpg/2660406.jpg,N/A,N/A,0.0
Indesit INFC9 TI22X нержавіюча сталь,https://s.ek.ua/jpg/2660406.jpg,Elstore.com.ua,(Володимир),22060.0
Indesit INFC9 TI22X нержавіюча сталь,https://s.ek.ua/jpg/2660406.jpg,N/A,N/A,0.0
Indesit INFC9 TI22X нержавіюча сталь,https://s.ek.ua/jpg/2660406.jpg,FOXTROT.UA,(Київ),21999.0
Indesit INFC9 TI22X нержавіюча сталь,https://s.ek.ua/jpg/2660406.jpg,N/A,N/A,0.0
Samsung RS64DG5303S9 сріблястий,https://s.ek.ua/jpg/2668930.jpg,N/A,N/A,0.0
Samsung RS64DG5303S9 сріблястий,https://s.ek.ua/jpg/2668930.jpg,Xfrost.net.ua,(Київ),46492.0
Samsung RS64DG5303S9 сріблястий,https://s.ek.ua/jpg/2668930.jpg,N/A,N/A,0.0
Samsung RS64DG5303S9 сріблястий,https://s.ek.ua/jpg/2668930.jpg,АЛЛО,(Київ),53999.0
Samsung RS64DG5303S9 сріблястий,https://s.ek.ua/jpg/2668930.jpg,N/A,N/A,0.0
Samsung RS64DG5303S9 сріблястий,https://s.ek.ua/jpg/2668930.jpg,Pro100market.com.ua,(Київ),46262.0
Samsung RS64DG5303S9 сріблястий,https://s.ek.ua/jpg/2668930.jpg,N/A,N/A,0.0
Candy CCT 3L517 EW білий,https://s.ek.ua/jpg/2674848.jpg,N/A,N/A,0.0
Candy CCT 3L517 EW білий,https://s.ek.ua/jpg/2674848.jpg,Candy.net.ua,(Київ),15799.0
Candy CCT 3L517 EW білий,https://s.ek.ua/jpg/2674848.jpg,N/A,N/A,0.0
Candy CCT 3L517 EW білий,https://s.ek.ua/jpg/2674848.jpg,АЛЛО,(Київ),14499.0
Candy CCT 3L517 EW білий,https://s.ek.ua/jpg/2674848.jpg,N/A,N/A,0.0
Candy CCT 3L517 EW білий,https://s.ek.ua/jpg/2674848.jpg,Xfrost.net.ua,(Київ),11511.0
Candy CCT 3L517 EW білий,https://s.ek.ua/jpg/2674848.jpg,N/A,N/A,0.0
Whirlpool WNF 821 EW білий,https://s.ek.ua/jpg/2812568.jpg,N/A,N/A,0.0
Whirlpool WNF 821 EW білий,https://s.ek.ua/jpg/2812568.jpg,Whirlpool Україна,(Київ),15931.0
Whirlpool WNF 821 EW білий,https://s.ek.ua/jpg/2812568.jpg,N/A,N/A,0.0
Whirlpool WNF 821 EW білий,https://s.ek.ua/jpg/2812568.jpg,Tehnohata.ua,(Київ),16861.0
Whirlpool WNF 821 EW білий,https://s.ek.ua/jpg/2812568.jpg,N/A,N/A,0.0
Whirlpool WNF 821 EW білий,https://s.ek.ua/jpg/2812568.jpg,Ebox24.biz,(Львів),17657.0
Whirlpool WNF 821 EW білий,https://s.ek.ua/jpg/2812568.jpg,N/A,N/A,0.0
Heinner HCNF-V366SE++ сріблястий,https://s.ek.ua/jpg/2408555.jpg,N/A,N/A,0.0
Heinner HCNF-V366SE++ сріблястий,https://s.ek.ua/jpg/2408555.jpg,FOXTROT.UA,(Київ),21499.0
Heinner HCNF-V366SE++ сріблястий,https://s.ek.ua/jpg/2408555.jpg,N/A,N/A,0.0
Heinner HCNF-V366SE++ сріблястий,https://s.ek.ua/jpg/2408555.jpg,Цифра,(Київ),19132.0
Heinner HCNF-V366SE++ сріблястий,https://s.ek.ua/jpg/2408555.jpg,N/A,N/A,0.0
Heinner HCNF-V366SE++ сріблястий,https://s.ek.ua/jpg/2408555.jpg,Itbox.ua,(Київ),20999.0
Heinner HCNF-V366SE++ сріблястий,https://s.ek.ua/jpg/2408555.jpg,N/A,N/A,0.0
Indesit LI 8 S1E S сріблястий,https://s.ek.ua/jpg/2222437.jpg,N/A,N/A,0.0
Indesit LI 8 S1E S сріблястий,https://s.ek.ua/jpg/2222437.jpg,АЛЛО,(Київ),17499.0
Indesit LI 8 S1E S сріблястий,https://s.ek.ua/jpg/2222437.jpg,N/A,N/A,0.0
Indesit LI 8 S1E S сріблястий,https://s.ek.ua/jpg/2222437.jpg,Pro100market.com.ua,(Київ),16582.0
Indesit LI 8 S1E S сріблястий,https://s.ek.ua/jpg/2222437.jpg,N/A,N/A,0.0
Indesit LI 8 S1E S сріблястий,https://s.ek.ua/jpg/2222437.jpg,Moyo.ua,(Київ),17499.0
Indesit LI 8 S1E S сріблястий,https://s.ek.ua/jpg/2222437.jpg,N/A,N/A,0.0
Gorenje NRK 720 EAXL4 нержавіюча сталь,https://s.ek.ua/jpg/2460870.jpg,N/A,N/A,0.0
Gorenje NRK 720 EAXL4 нержавіюча сталь,https://s.ek.ua/jpg/2460870.jpg,АЛЛО,(Київ),31999.0
Gorenje NRK 720 EAXL4 нержавіюча сталь,https://s.ek.ua/jpg/2460870.jpg,N/A,N/A,0.0
Gorenje NRK 720 EAXL4 нержавіюча сталь,https://s.ek.ua/jpg/2460870.jpg,Xfrost.net.ua,(Київ),30550.0
Gorenje NRK 720 EAXL4 нержавіюча сталь,https://s.ek.ua/jpg/2460870.jpg,N/A,N/A,0.0
Gorenje NRK 720 EAXL4 нержавіюча сталь,https://s.ek.ua/jpg/2460870.jpg,Gorenje-shop.com,(Київ),31999.0
Gorenje NRK 720 EAXL4 нержавіюча сталь,https://s.ek.ua/jpg/2460870.jpg,N/A,N/A,0.0
Bosch KGV36UW20 білий,https://s.ek.ua/jpg/423476.jpg,N/A,N/A,0.0
Bosch KGV36UW20 білий,https://s.ek.ua/jpg/423476.jpg,On.zp.ua,(Запоріжжя),18137.0
Bosch KGV36UW20 білий,https://s.ek.ua/jpg/423476.jpg,N/A,N/A,0.0
Bosch KGV36UW20 білий,https://s.ek.ua/jpg/423476.jpg,Btmax.com.ua,(Запоріжжя),16300.0
Bosch KGV36UW20 білий,https://s.ek.ua/jpg/423476.jpg,N/A,N/A,0.0
Bosch KGV36UW20 білий,https://s.ek.ua/jpg/423476.jpg,Axm.com.ua,(Харків),18599.0
Bosch KGV36UW20 білий,https://s.ek.ua/jpg/423476.jpg,N/A,N/A,0.0
Samsung RB50DG601EB1 графіт,https://s.ek.ua/jpg/2669904.jpg,N/A,N/A,0.0
Samsung RB50DG601EB1 графіт,https://s.ek.ua/jpg/2669904.jpg,АЛЛО,(Київ),37999.0
Samsung RB50DG601EB1 графіт,https://s.ek.ua/jpg/2669904.jpg,N/A,N/A,0.0
Samsung RB50DG601EB1 графіт,https://s.ek.ua/jpg/2669904.jpg,Pro100market.com.ua,(Київ),32554.0
Samsung RB50DG601EB1 графіт,https://s.ek.ua/jpg/2669904.jpg,N/A,N/A,0.0
Samsung RB50DG601EB1 графіт,https://s.ek.ua/jpg/2669904.jpg,Click.ua,(Київ),37999.0
Samsung RB50DG601EB1 графіт,https://s.ek.ua/jpg/2669904.jpg,N/A,N/A,0.0
Gorenje NRR 9185 ESXL нержавіюча сталь,https://s.ek.ua/jpg/2856913.jpg,N/A,N/A,0.0
Gorenje NRR 9185 ESXL нержавіюча сталь,https://s.ek.ua/jpg/2856913.jpg,АЛЛО,(Київ),44999.0
Gorenje NRR 9185 ESXL нержавіюча сталь,https://s.ek.ua/jpg/2856913.jpg,N/A,N/A,0.0
Gorenje NRR 9185 ESXL нержавіюча сталь,https://s.ek.ua/jpg/2856913.jpg,Pro100market.com.ua,(Київ),36984.0
Gorenje NRR 9185 ESXL нержавіюча сталь,https://s.ek.ua/jpg/2856913.jpg,N/A,N/A,0.0
Gorenje NRR 9185 ESXL нержавіюча сталь,https://s.ek.ua/jpg/2856913.jpg,Click.ua,(Київ),44999.0
Gorenje NRR 9185 ESXL нержавіюча сталь,https://s.ek.ua/jpg/2856913.jpg,N/A,N/A,0.0
Beko B5RCNE 565 HXPMG сірий,https://s.ek.ua/jpg/2877637.jpg,N/A,N/A,0.0
Beko B5RCNE 565 HXPMG сірий,https://s.ek.ua/jpg/2877637.jpg,АЛЛО,(Київ),31499.0
Beko B5RCNE 565 HXPMG сірий,https://s.ek.ua/jpg/2877637.jpg,N/A,N/A,0.0
Beko B5RCNE 565 HXPMG сірий,https://s.ek.ua/jpg/2877637.jpg,Moyo.ua,(Київ),31499.0
Beko B5RCNE 565 HXPMG сірий,https://s.ek.ua/jpg/2877637.jpg,N/A,N/A,0.0
Beko B5RCNE 565 HXPMG сірий,https://s.ek.ua/jpg/2877637.jpg,FOXTROT.UA,(Київ),31499.0
Beko B5RCNE 565 HXPMG сірий,https://s.ek.ua/jpg/2877637.jpg,N/A,N/A,0.0
Snaige RF36SM-S0002E білий,https://s.ek.ua/jpg/2445237.jpg,N/A,N/A,0.0
Snaige RF36SM-S0002E білий,https://s.ek.ua/jpg/2445237.jpg,АЛЛО,(Київ),19648.0
Snaige RF36SM-S0002E білий,https://s.ek.ua/jpg/2445237.jpg,N/A,N/A,0.0
Snaige RF36SM-S0002E білий,https://s.ek.ua/jpg/2445237.jpg,Xfrost.net.ua,(Київ),18916.0
Snaige RF36SM-S0002E білий,https://s.ek.ua/jpg/2445237.jpg,N/A,N/A,0.0
Snaige RF36SM-S0002E білий,https://s.ek.ua/jpg/2445237.jpg,Pro100market.com.ua,(Київ),17759.0
Snaige RF36SM-S0002E білий,https://s.ek.ua/jpg/2445237.jpg,N/A,N/A,0.0
Samsung RB33J3315SA/EF нержавіюча сталь,https://s.ek.ua/jpg/2828918.jpg,N/A,N/A,0.0
Samsung RB33J3315SA/EF нержавіюча сталь,https://s.ek.ua/jpg/2828918.jpg,Магазин Samsung,(Київ),25076.0
Samsung RB33J3315SA/EF нержавіюча сталь,https://s.ek.ua/jpg/2828918.jpg,N/A,N/A,0.0
Samsung RB33J3315SA/EF нержавіюча сталь,https://s.ek.ua/jpg/2828918.jpg,Zhuk.ua,(Київ),24695.0
Samsung RB33J3315SA/EF нержавіюча сталь,https://s.ek.ua/jpg/2828918.jpg,N/A,N/A,0.0
Samsung RB33J3315SA/EF нержавіюча сталь,https://s.ek.ua/jpg/2828918.jpg,Denika.ua,(Харків),24695.0
Samsung RB33J3315SA/EF нержавіюча сталь,https://s.ek.ua/jpg/2828918.jpg,N/A,N/A,0.0
Liebherr CUe 3331 білий,https://s.ek.ua/jpg/2640039.jpg,N/A,N/A,0.0
Liebherr CUe 3331 білий,https://s.ek.ua/jpg/2640039.jpg,АЛЛО,(Київ),20849.0
Liebherr CUe 3331 білий,https://s.ek.ua/jpg/2640039.jpg,N/A,N/A,0.0
Liebherr CUe 3331 білий,https://s.ek.ua/jpg/2640039.jpg,Xfrost.net.ua,(Київ),19999.0
Liebherr CUe 3331 білий,https://s.ek.ua/jpg/2640039.jpg,N/A,N/A,0.0
Liebherr CUe 3331 білий,https://s.ek.ua/jpg/2640039.jpg,Liebherr-shop.in.ua,(Київ),19807.0
Liebherr CUe 3331 білий,https://s.ek.ua/jpg/2640039.jpg,N/A,N/A,0.0
